STATEFP,PLACEFP,PLACENS,GEOID,NAME,NAMELSAD,LSAD,CLASSFP,PCICBSA,PCINECTA,MTFCC,FUNCSTAT,ALAND,AWATER,INTPTLAT,INTPTLON,STATEFP.1,COUNTYFP,TRACTCE,AFFGEOID,GEOID.1,NAME.1,LSAD.1,ALAND.1,AWATER.1,geometry
53,70000,02412025,5370000,Tacoma,Tacoma city,25,C1,Y,N,G4110,A,128789928,32870833,+47.2521991,-122.4598318,53,053,060700,1400000US53053060700,53053060700,607,CT,2105866,0,"list(c(-122.48884, -122.488842, -122.488843, -122.488851, -122.488858, -122.48408, -122.481034, -122.479422, -122.477755, -122.474746, -122.468169, -122.468172, -122.468169, -122.468168, -122.468169, -122.468168, -122.468328, -122.471359, -122.473408, -122.474802, -122.476273, -122.483639, -122.488986, -122.48884, 47.258994, 47.259932, 47.261796, 47.264591, 47.267334, 47.267353, 47.267334, 47.267326, 47.267525, 47.267506, 47.267467, 47.265446, 47.26363, 47.263258, 47.261074, 47.259798, 47.255443, 
47.25544, 47.255432, 47.255265, 47.255267, 47.255268, 47.255292, 47.258994))"
53,70000,02412025,5370000,Tacoma,Tacoma city,25,C1,Y,N,G4110,A,128789928,32870833,+47.2521991,-122.4598318,53,053,063502,1400000US53053063502,53053063502,635.02,CT,1927547,9524,"list(c(-122.445078725802, -122.4456, -122.445926, -122.446023580415, -122.44958100676, -122.449868, -122.451441, -122.452576, -122.455212, -122.46308, -122.463119, -122.463169, -122.463172, -122.463202, -122.463209, -122.457994, -122.452576, -122.450705, -122.441962, -122.441979, -122.441987, -122.445078725802, 47.1701201098705, 47.170131, 47.170128, 47.1701277836354, 47.1701566757561, 47.170161, 47.170173, 47.170181, 47.17019, 47.170177, 47.173794, 47.179203, 47.179374, 47.180766, 47.181047, 47.181026, 
47.181003, 47.181003, 47.181013, 47.17374, 47.170095, 47.1701201098705))"
53,70000,02412025,5370000,Tacoma,Tacoma city,25,C1,Y,N,G4110,A,128789928,32870833,+47.2521991,-122.4598318,53,053,072310,1400000US53053072310,53053072310,723.10,CT,2098990,0,"list(list(c(-122.537058, -122.539766, -122.539773, -122.539775, -122.53978, -122.539795, -122.539803, -122.539899, -122.540347, -122.540392, -122.540647, -122.540929, -122.541228, -122.541515, -122.541541, -122.541737, -122.541851, -122.541855, -122.541856, -122.541545, -122.541576, -122.537057, -122.537058, 47.242114, 47.242123, 47.241973, 47.241903, 47.241798, 47.241471, 47.241278, 47.241279, 47.241277, 47.241277, 47.241277, 47.241277, 47.241277, 47.241277, 47.241277, 47.241275, 47.241276, 47.241695, 
47.241777, 47.241778, 47.242681, 47.242681, 47.242114)), list(c(-122.541576, -122.54236, -122.54502, -122.541576, 47.242681, 47.24268, 47.242678, 47.242681)))"
53,70000,02412025,5370000,Tacoma,Tacoma city,25,C1,Y,N,G4110,A,128789928,32870833,+47.2521991,-122.4598318,53,053,940005,1400000US53053940005,53053940005,9400.05,CT,4256513,0,"list(c(-122.381170438808, -122.381153, -122.381076100257, -122.368616, -122.368235, -122.367353, -122.363356, -122.3632, -122.363129, -122.362177, -122.362085, -122.359942, -122.359615886641, -122.358356, -122.35830209988, -122.358267, -122.357939, -122.357828, -122.356235, -122.355733, -122.355761, -122.355766, -122.355718, -122.355823, -122.356186, -122.356571, -122.357332, -122.35665, -122.356969, -122.358259, -122.366301, -122.373241, -122.379238, -122.383295, -122.387328, -122.386548, -122.388085, 
-122.39445, -122.396212, -122.396343, -122.393742, -122.391404, -122.382232, -122.382168, -122.381592, -122.381170438808, 47.2950451045842, 47.295033, 47.2949800069128, 47.286382, 47.286124, 47.285527, 47.28276, 47.282651, 47.282604, 47.281948, 47.281883, 47.280458, 47.2802593602084, 47.279417, 47.2793660727886, 47.279312, 47.279023, 47.275715, 47.275442, 47.273489, 47.271912, 47.271674, 47.271675, 47.268099, 47.26806, 47.258522, 47.258983, 47.260105, 47.263788, 47.265021, 47.268866, 47.271052, 47.274791, 
47.277329, 47.278965, 47.281898, 47.28174, 47.282967, 47.282844, 47.283279, 47.283412, 47.286468, 47.286438, 47.295261, 47.295336, 47.2950451045842))"
53,70000,02412025,5370000,Tacoma,Tacoma city,25,C1,Y,N,G4110,A,128789928,32870833,+47.2521991,-122.4598318,53,053,060500,1400000US53053060500,53053060500,605,CT,2116836,668446,"list(c(-122.488878, -122.488863, -122.488834, -122.488835, -122.488813, -122.484129, -122.484085, -122.479537, -122.479441, -122.477322018545, -122.471652, -122.46462747699, -122.465289, -122.466896, -122.466859, -122.466855, -122.468169, -122.474746, -122.477755, -122.479422, -122.481034, -122.48408, -122.488858, -122.488866, -122.488878, 47.271995, 47.272993, 47.274856, 47.275807, 47.277687, 47.27766, 47.280464, 47.28043, 47.279423, 47.2809344520843, 47.277321, 47.2760762991564, 47.274765, 47.274754, 
47.270579, 47.268336, 47.267467, 47.267506, 47.267525, 47.267326, 47.267334, 47.267353, 47.267334, 47.270136, 47.271995))"
53,70000,02412025,5370000,Tacoma,Tacoma city,25,C1,Y,N,G4110,A,128789928,32870833,+47.2521991,-122.4598318,53,053,061300,1400000US53053061300,53053061300,613,CT,1574643,0,"list(c(-122.465956, -122.464169, -122.461609, -122.45898, -122.456349, -122.455024, -122.454091, -122.453857, -122.453387, -122.452917, -122.452685, -122.452216, -122.451279, -122.454142, -122.457007, -122.459071, -122.460307, -122.465597, -122.465606, -122.465956, 47.255451, 47.255464, 47.256756, 47.258088, 47.259418, 47.260082, 47.255969, 47.25494, 47.25288, 47.250822, 47.249792, 47.247732, 47.243614, 47.243311, 47.243008, 47.24276, 47.242667, 47.242684, 47.250084, 47.255451))"
53,70000,02412025,5370000,Tacoma,Tacoma city,25,C1,Y,N,G4110,A,128789928,32870833,+47.2521991,-122.4598318,53,053,061700,1400000US53053061700,53053061700,617,CT,2641463,5766,"list(c(-122.476259, -122.471814, -122.465597, -122.460307, -122.459071, -122.457007, -122.454142, -122.451279, -122.448415, -122.442563, -122.440486, -122.441811, -122.446291, -122.459114, -122.459105, -122.463676, -122.46526, -122.466925, -122.475143, -122.477045, -122.476259, 47.242788, 47.242802, 47.242684, 47.242667, 47.24276, 47.243008, 47.243311, 47.243614, 47.243915, 47.244529, 47.235336, 47.234553, 47.233757, 47.233856, 47.233155, 47.233438, 47.234465, 47.235139, 47.235035, 47.239924, 47.242788
))"
53,70000,02412025,5370000,Tacoma,Tacoma city,25,C1,Y,N,G4110,A,128789928,32870833,+47.2521991,-122.4598318,53,053,062900,1400000US53053062900,53053062900,629,CT,2981031,0,"list(c(-122.473894, -122.473936, -122.473951, -122.474048, -122.474905, -122.475173, -122.475623, -122.476233066965, -122.483674, -122.484397, -122.486037, -122.486292, -122.487161, -122.485356, -122.484921, -122.484855, -122.484996, -122.482384, -122.482385, -122.482424, -122.482682, -122.483635, -122.483382, -122.483378, -122.479184, -122.473627, -122.473714, -122.47369, -122.47364, -122.473612, -122.473603, -122.473665, -122.47374, -122.47377, -122.469823, -122.47133, -122.47383, -122.473894, 
47.18479, 47.184805, 47.18482, 47.184826, 47.184818, 47.184821, 47.184825, 47.1847799549271, 47.184748, 47.184747, 47.18474, 47.18474, 47.184714, 47.190383, 47.192418, 47.195622, 47.197375, 47.197452, 47.20107, 47.206204, 47.211692, 47.213758, 47.214882, 47.218681, 47.218682, 47.218686, 47.214845, 47.208728, 47.206441, 47.201043, 47.199226, 47.19561, 47.191974, 47.19018, 47.190143, 47.186607, 47.186502, 47.18479))"
53,70000,02412025,5370000,Tacoma,Tacoma city,25,C1,Y,N,G4110,A,128789928,32870833,+47.2521991,-122.4598318,53,053,063501,1400000US53053063501,53053063501,635.01,CT,1915152,6994,"list(c(-122.463209, -122.46321, -122.463232, -122.463183, -122.463794, -122.462277, -122.459146, -122.457828, -122.452499, -122.441887, -122.441924, -122.441962, -122.450705, -122.452576, -122.457994, -122.463209, 47.181047, 47.181146, 47.182851, 47.184666, 47.184692, 47.190793, 47.191942, 47.191923, 47.191925, 47.191917, 47.188267, 47.181013, 47.181003, 47.181003, 47.181026, 47.181047))"
53,70000,02412025,5370000,Tacoma,Tacoma city,25,C1,Y,N,G4110,A,128789928,32870833,+47.2521991,-122.4598318,53,053,063100,1400000US53053063100,53053063100,631,CT,2341221,106487,"list(c(-122.462133, -122.461202, -122.461139, -122.461477, -122.458496, -122.452344, -122.441826, -122.441835, -122.441838, -122.441819, -122.44185, -122.441887, -122.452499, -122.457828, -122.459146, -122.462277, -122.462133, 47.196474, 47.20265, 47.203673, 47.206565, 47.206531, 47.206448, 47.206402, 47.20279, 47.201887, 47.197897, 47.195552, 47.191917, 47.191925, 47.191923, 47.191942, 47.190793, 47.196474))"
53,70000,02412025,5370000,Tacoma,Tacoma city,25,C1,Y,N,G4110,A,128789928,32870833,+47.2521991,-122.4598318,53,053,071704,1400000US53053071704,53053071704,717.04,CT,1352354,0,"list(c(-122.468392, 47.17019), c(-122.465938, 47.166808), c(-122.465815, 47.170179), list(c(-122.467220636363, -122.467279, -122.467888500889, -122.467220636363, 47.170185, 47.170185, 47.1701878507993, 47.170185)))"
53,70000,02412025,5370000,Tacoma,Tacoma city,25,C1,Y,N,G4110,A,128789928,32870833,+47.2521991,-122.4598318,53,053,940007,1400000US53053940007,53053940007,9400.07,CT,2496121,26552,"list(c(-122.39427, -122.39427, -122.394271, -122.39427, -122.394268, -122.394269, -122.394268, -122.394267, -122.394265, -122.394266, -122.394266, -122.394267, -122.394267, -122.394267, -122.394267, -122.394268, -122.394268, -122.394278, -122.39428, -122.394301, -122.394311, -122.39431, -122.39431, -122.401938, -122.401901, -122.4077, -122.407701, -122.408211, -122.412787, -122.413114, -122.413449, -122.414969, -122.415585, -122.41051, -122.404119, -122.400978, -122.399631, -122.399634, -122.397369, 
-122.39427, 47.237748, 47.237581, 47.237361, 47.237059, 47.237012, 47.236968, 47.236739, 47.236403, 47.235479, 47.234879, 47.234598, 47.234328, 47.234313, 47.234204, 47.233791, 47.233339, 47.233066, 47.232222, 47.232028, 47.230368, 47.228958, 47.228192, 47.223055, 47.223086, 47.224707, 47.224543, 47.226614, 47.228881, 47.228407, 47.229865, 47.231332, 47.238044, 47.238549, 47.239039, 47.239534, 47.240461, 47.240991, 47.240445, 47.23976, 47.237748))"
53,70000,02412025,5370000,Tacoma,Tacoma city,25,C1,Y,N,G4110,A,128789928,32870833,+47.2521991,-122.4598318,53,053,060904,1400000US53053060904,53053060904,609.04,CT,1948487,0,"list(c(-122.515874, -122.515814, -122.515789, -122.515757, -122.503812, -122.503816, -122.505107, -122.505148, -122.503838, -122.50385, -122.503865, -122.503853, -122.503841, -122.503843, -122.515894, -122.515874, 47.274022, 47.281705, 47.287183, 47.290804, 47.29069, 47.287057, 47.287054, 47.284638, 47.283795, 47.280561, 47.279649, 47.275895, 47.27307, 47.271048, 47.27109, 47.274022))"
53,70000,02412025,5370000,Tacoma,Tacoma city,25,C1,Y,N,G4110,A,128789928,32870833,+47.2521991,-122.4598318,53,053,060906,1400000US53053060906,53053060906,609.06,CT,1573421,0,"list(c(-122.515931, -122.515908, -122.515905, -122.515894, -122.503843, -122.503841, -122.503818, -122.503838, -122.50382, -122.503831, -122.503826, -122.503807, -122.513837, -122.515187, -122.515943, -122.515931, 47.26331, 47.265508, 47.267127, 47.27109, 47.271048, 47.270113, 47.267319, 47.265457, 47.264551, 47.261776, 47.258971, 47.255365, 47.255422, 47.256938, 47.25737, 47.26331))"
53,70000,02412025,5370000,Tacoma,Tacoma city,25,C1,Y,N,G4110,A,128789928,32870833,+47.2521991,-122.4598318,53,053,071705,1400000US53053071705,53053071705,717.05,CT,2389700,0,"list(c(-122.43142, 47.170033), c(-122.452576, -122.455212, 47.170181, 47.17019), list(c(-122.434079, -122.434104, -122.434113, -122.431452, -122.431456, -122.431458, -122.432817, -122.434122, -122.434124, -122.434212, -122.434292, -122.435568, -122.435563, -122.435548, -122.435433, -122.435431, -122.43543, -122.43543, -122.435429, -122.435426, -122.435426, -122.435424, -122.435422, -122.435421, -122.43542, -122.435419, -122.435418, -122.435417, -122.435417, -122.435415, -122.435411, -122.435417, 
-122.434079, 47.170051, 47.16842, 47.167844, 47.167826, 47.16742, 47.167157, 47.167149, 47.167158, 47.166973, 47.16697, 47.16697, 47.166982, 47.16712, 47.168248, 47.168248, 47.168441, 47.168492, 47.168533, 47.168616, 47.168783, 47.168824, 47.168937, 47.169109, 47.169161, 47.169242, 47.169325, 47.169397, 47.169513, 47.16953, 47.169683, 47.169966, 47.17006, 47.170051)), list(c(-122.436724, -122.43713, -122.437984, -122.439338631406, -122.436724, 47.170067, 47.170069, 47.170073, 47.1700809102564, 47.170067
)), list(c(-122.441987, -122.443353, -122.444882, -122.445078725802, -122.441987, 47.170095, 47.170085, 47.170116, 47.1701201098705, 47.170095)), list(c(-122.446023580415, -122.447279, -122.448607, -122.44958100676, -122.446023580415, 47.1701277836354, 47.170125, 47.170142, 47.1701566757561, 47.1701277836354)))"
53,70000,02412025,5370000,Tacoma,Tacoma city,25,C1,Y,N,G4110,A,128789928,32870833,+47.2521991,-122.4598318,53,053,061800,1400000US53053061800,53053061800,618,CT,1383817,0,"list(c(-122.462918, -122.460686, -122.457781, -122.450897, -122.446621, -122.440946, -122.441196, -122.440655, -122.440634, -122.44195, -122.449253, -122.452271, -122.455086, -122.463275, -122.462918, 47.228439, 47.230367, 47.230988, 47.230256, 47.230157, 47.231413, 47.230416, 47.228006, 47.223069, 47.223068, 47.223121, 47.223144, 47.223189, 47.222992, 47.228439))"
53,70000,02412025,5370000,Tacoma,Tacoma city,25,C1,Y,N,G4110,A,128789928,32870833,+47.2521991,-122.4598318,53,053,060200,1400000US53053060200,53053060200,602,CT,15723797,9192054,"list(c(-122.432769, 47.298145), list(c(-122.358919, -122.358815, -122.358648, -122.357603, -122.357602, -122.357608, -122.358545, -122.359748, -122.360668, -122.360685, -122.360687, -122.362776, -122.372173, -122.379262, -122.382049, -122.384284, -122.399301, -122.40078, -122.402881, -122.401151, -122.400664, -122.400678, -122.399603, -122.399608, -122.399613, -122.399621, -122.399626, -122.399627, -122.39963, -122.39963, -122.399631, -122.399631, -122.400978, -122.404119, -122.41051, -122.415585, 
-122.418017, -122.428421, -122.431212, -122.431788, -122.432203, -122.432038, -122.432429, -122.43198, -122.432029, -122.432006, -122.433039, -122.434535, -122.436291, -122.437317, -122.436084, -122.434879, -122.434611, -122.435972, -122.439265, -122.440310435951, -122.439886414386, -122.436756, -122.433191, -122.429626, -122.42606, -122.421307, -122.418455, -122.4118, -122.413825, -122.410700822924, -122.409199, -122.413735, -122.424235, -122.430618832116, -122.430669, -122.429155, -122.425404, 
-122.422311, -122.416848, -122.41389, -122.410798, -122.404928, -122.401312, -122.398071, -122.392447, -122.389838, -122.389283, -122.387328, -122.383295, -122.379238, -122.373241, -122.366301, -122.358259, -122.356969, -122.35665, -122.357332, -122.359099, -122.359707, -122.358919, 47.256486, 47.256424, 47.256325, 47.255705, 47.25557, 47.255316, 47.255069, 47.254754, 47.254512, 47.253691, 47.253654, 47.253471, 47.25382, 47.253708, 47.254092, 47.253694, 47.253729, 47.253713, 47.253074, 47.250614, 
47.247217, 47.244708, 47.243562, 47.243408, 47.243198, 47.242844, 47.241855, 47.241672, 47.241208, 47.241166, 47.24102, 47.240991, 47.240461, 47.239534, 47.239039, 47.238549, 47.238219, 47.234039, 47.233391, 47.23414, 47.238635, 47.238783, 47.23932, 47.239645, 47.240034, 47.240367, 47.24025, 47.243288, 47.243086, 47.247604, 47.249419, 47.249571, 47.249931, 47.255513, 47.260443, 47.2620225229139, 47.2620033735529, 47.261862, 47.263475, 47.268475, 47.27041, 47.270249, 47.275893, 47.282505, 47.285016, 
47.2874067451036, 47.288556, 47.293921, 47.297521, 47.2971283513426, 47.297944, 47.298634, 47.298854, 47.29761, 47.296626, 47.294671, 47.292047, 47.28404, 47.282322, 47.281484, 47.281636, 47.281, 47.28068, 47.278965, 47.277329, 47.274791, 47.271052, 47.268866, 47.265021, 47.263788, 47.260105, 47.258983, 47.257452, 47.256943, 47.256486)), list(c(-122.360556114701, -122.359957, -122.359612, -122.359401, -122.360556114701, 47.2536541017771, 47.253655, 47.253655, 47.253655, 47.2536541017771)))"
53,70000,02412025,5370000,Tacoma,Tacoma city,25,C1,Y,N,G4110,A,128789928,32870833,+47.2521991,-122.4598318,53,053,060400,1400000US53053060400,53053060400,604,CT,2537792,3976447,"list(c(-122.505107, -122.503816, -122.503812, -122.498532, -122.500195, -122.502962, -122.498923618729, -122.490199, -122.486669, -122.479788, -122.477322018545, -122.479441, -122.479537, -122.484085, -122.484129, -122.488813, -122.488835, -122.494599, -122.503853, -122.503865, -122.50385, -122.503838, -122.505148, -122.505107, 47.287054, 47.287057, 47.29069, 47.290677, 47.293095, 47.294229, 47.2946981473658, 47.28914, 47.285729, 47.282506, 47.2809344520843, 47.279423, 47.28043, 47.280464, 47.27766, 
47.277687, 47.275807, 47.275839, 47.275895, 47.279649, 47.280561, 47.283795, 47.284638, 47.287054))"
53,70000,02412025,5370000,Tacoma,Tacoma city,25,C1,Y,N,G4110,A,128789928,32870833,+47.2521991,-122.4598318,53,053,061002,1400000US53053061002,53053061002,610.02,CT,3029116,8198,"list(c(-122.505269, -122.5054, -122.505689, -122.506145, -122.508821, -122.509096, -122.509512, -122.510306, -122.51064, -122.511619, -122.511768, -122.512951, -122.513698, -122.514314, -122.514825, -122.515953, -122.517074, -122.519592, -122.520139, -122.521198, -122.522715, -122.523819, -122.525797, -122.52637, -122.526408, -122.52651819181, -122.534266, -122.535729, -122.537057, -122.536987, -122.531333, -122.531341, -122.529415, -122.526336, -122.518493, -122.515943, -122.515187, -122.513837, 
-122.512866, -122.510959, -122.505196, -122.505269, 47.242901, 47.242905, 47.242903, 47.242901, 47.24287, 47.242866, 47.242858, 47.242848, 47.242843, 47.242831, 47.242829, 47.242814, 47.242804, 47.242796, 47.242789, 47.242772, 47.242784, 47.242756, 47.242751, 47.242741, 47.242732, 47.242725, 47.242713, 47.242709, 47.242709, 47.2427086621767, 47.242691, 47.242685, 47.242681, 47.249921, 47.249925, 47.258841, 47.258864, 47.258664, 47.258047, 47.25737, 47.256938, 47.255422, 47.25234, 47.250086, 47.243632, 
47.242901))"
53,70000,02412025,5370000,Tacoma,Tacoma city,25,C1,Y,N,G4110,A,128789928,32870833,+47.2521991,-122.4598318,53,053,061200,1400000US53053061200,53053061200,612,CT,1890514,0,"list(c(-122.483639, -122.476273, -122.474802, -122.473408, -122.471359, -122.468328, -122.465956, -122.465606, -122.465597, -122.471814, -122.476259, -122.482735, -122.48358, -122.483692, -122.483639, 47.255268, 47.255267, 47.255265, 47.255432, 47.25544, 47.255443, 47.255451, 47.250084, 47.242684, 47.242802, 47.242788, 47.242757, 47.246263, 47.250018, 47.255268))"
53,70000,02412025,5370000,Tacoma,Tacoma city,25,C1,Y,N,G4110,A,128789928,32870833,+47.2521991,-122.4598318,53,053,061900,1400000US53053061900,53053061900,619,CT,1039865,0,"list(c(-122.440946, -122.436465, -122.434115, -122.431212, -122.429167, -122.428974, -122.428724, -122.427008, -122.427104, -122.426121, -122.428768, -122.434039, -122.440634, -122.440655, -122.441196, -122.440946, 47.231413, 47.23274, 47.233093, 47.233391, 47.231403, 47.230712, 47.229012, 47.227431, 47.224365, 47.223116, 47.222814, 47.223091, 47.223069, 47.228006, 47.230416, 47.231413))"
53,70000,02412025,5370000,Tacoma,Tacoma city,25,C1,Y,N,G4110,A,128789928,32870833,+47.2521991,-122.4598318,53,053,062802,1400000US53053062802,53053062802,628.02,CT,3005552,0,"list(c(-122.487161, -122.488613, -122.488835, -122.492754, -122.497524, -122.498304, -122.500516, -122.504669, -122.504788945504, -122.504982, -122.504983, -122.504994, -122.505013, -122.505013609001, -122.50506869432, -122.505068, -122.505077, -122.508779, -122.508771, -122.508772, -122.508772, -122.508669, -122.505233, -122.505153, -122.505175, -122.5052, -122.505214, -122.505229, -122.503375, -122.502083, -122.50209, -122.49701, -122.493218, -122.492179, -122.49277, -122.484996, -122.484855, -122.484921, 
-122.485356, -122.487161, 47.184714, 47.184719, 47.18472, 47.184734, 47.184709, 47.184709, 47.184749, 47.184699, 47.1846973106267, 47.184697, 47.184775, 47.18546, 47.186627, 47.1866397890219, 47.1900255067005, 47.190063, 47.190536, 47.19057, 47.190655, 47.19179, 47.192006, 47.194352, 47.194336, 47.195072, 47.196152, 47.197477, 47.199063, 47.199276, 47.199272, 47.201204, 47.206525, 47.206513, 47.206232, 47.198981, 47.197425, 47.197375, 47.195622, 47.192418, 47.190383, 47.184714))"
53,70000,02412025,5370000,Tacoma,Tacoma city,25,C1,Y,N,G4110,A,128789928,32870833,+47.2521991,-122.4598318,53,053,063300,1400000US53053063300,53053063300,633,CT,3382433,0,"list(c(-122.394418, -122.394398, -122.394423, -122.394425, -122.394428, -122.394596, -122.396256, -122.402476, -122.403911, -122.405198, -122.405874382694, -122.407734, -122.411135, -122.412964, -122.412964, -122.413583, -122.42096, -122.421206, -122.422107, -122.4222, -122.422222, -122.423777, -122.415313, -122.407975, -122.404518, -122.404184, -122.395708, -122.395722, -122.396561, -122.396528, -122.394418, 47.199519, 47.198927, 47.195591, 47.195332, 47.194934, 47.191755, 47.191753, 47.191741, 
47.191745, 47.191748, 47.1917390610217, 47.191738, 47.191735, 47.1917432185457, 47.191746, 47.191746, 47.1918, 47.19181, 47.194067, 47.199046, 47.200795, 47.206326, 47.206296, 47.206237, 47.20625, 47.206253, 47.206384, 47.204358, 47.201204, 47.200316, 47.199519))"
53,70000,02412025,5370000,Tacoma,Tacoma city,25,C1,Y,N,G4110,A,128789928,32870833,+47.2521991,-122.4598318,53,053,071601,1400000US53053071601,53053071601,716.01,CT,4032413,0,"list(c(-122.420966, 47.170098), c(-122.402476, 47.191741), list(c(-122.405874382694, -122.405879, -122.407734, -122.405874382694, 47.1917390610217, 47.191739, 47.191738, 47.1917390610217)), list(c(-122.407734, -122.407743, -122.407877, -122.407925, -122.408571, -122.410381, -122.410433, -122.410461, -122.410461, -122.41046, -122.410458, -122.411145, -122.411139, -122.411135, -122.407734, 47.191738, 47.189578, 47.189578, 47.189577, 47.189575, 47.189568, 47.18957, 47.189567, 47.189607, 47.189816, 47.190015, 
47.190025, 47.190878, 47.191735, 47.191738)), list(c(-122.411135, -122.411234, -122.411448, -122.412044, -122.412087, -122.412281, -122.412281, -122.412286, -122.412293, -122.412449, -122.41286, -122.4129, -122.412964, -122.412964, -122.412964, -122.411135, 47.191735, 47.191735, 47.191735, 47.191739, 47.191739, 47.19174, 47.191642, 47.191255, 47.190847, 47.190846, 47.190845, 47.190845, 47.190847, 47.190891, 47.1917432185457, 47.191735)), list(c(-122.413583, -122.415422, -122.415643, -122.417774, 
-122.419101, -122.42096, -122.413583, 47.191746, 47.191747, 47.191747, 47.191747, 47.191746, 47.1918, 47.191746)), list(c(-122.42096, -122.420927, -122.420928, -122.420936, -122.420953, -122.420952, -122.420972559939, -122.42096, 47.1918, 47.191397, 47.191234, 47.190218, 47.189044, 47.188136, 47.1852742146782, 47.1918)), list(c(-122.420975205493, -122.420969, -122.420961, -122.420974, -122.420981, -122.420975205493, 47.1838996601849, 47.182702, 47.182093, 47.181256, 47.180889, 47.1838996601849)), 
    list(c(-122.420955, -122.42095, -122.42083, -122.420307, -122.420306, -122.420306, -122.419712, -122.419717, -122.419715, -122.420422, -122.420827, -122.420889, -122.420947, -122.420946, -122.420942, -122.420941, -122.420341, -122.420342, -122.420341, -122.420342, -122.420343, -122.420343, -122.420344, -122.420344, -122.420345, -122.420345, -122.420941, -122.420941, -122.420941, -122.420941, -122.420955, 47.179987, 47.179065, 47.179075, 47.179075, 47.178934, 47.178865, 47.178862, 47.178755, 47.178662, 
    47.178662, 47.178662, 47.178662, 47.178663, 47.178462, 47.177226, 47.176839, 47.176836, 47.176775, 47.176747, 47.176697, 47.176628, 47.176558, 47.176489, 47.17642, 47.17635, 47.176281, 47.176283, 47.176245, 47.175847, 47.17521, 47.179987)), list(c(-122.420941, -122.420349, -122.420349, -122.420349, -122.420351, -122.420354, -122.420412, -122.420413, -122.420415, -122.420418, -122.42042, -122.420422, -122.420462, -122.420835, -122.42095, -122.420941, 47.17521, 47.17521, 47.175097, 47.174474, 47.17442, 
    47.174319, 47.174319, 47.174292, 47.17409, 47.173838, 47.173676, 47.173446, 47.173446, 47.173441, 47.173442, 47.17521)))"
53,70000,02412025,5370000,Tacoma,Tacoma city,25,C1,Y,N,G4110,A,128789928,32870833,+47.2521991,-122.4598318,53,053,071602,1400000US53053071602,53053071602,716.02,CT,4693479,0,"list(c(-122.431458, 47.167157), c(-122.431452, 47.167826), list(c(-122.420966, -122.42153, -122.422243, -122.42280407517, -122.420966, 47.170098, 47.170082, 47.170087, 47.1700865713711, 47.170098)), list(c(-122.425560184417, -122.42584, -122.426226, -122.426356, -122.427546, -122.427586, -122.428091, -122.428198, -122.428708, -122.428834, -122.43142, -122.425560184417, 47.1700694346674, 47.170054, 47.170045, 47.170039, 47.170031, 47.170031, 47.170032, 47.170033, 47.170034, 47.170027, 47.170033, 47.1700694346674
)))"
53,70000,02412025,5370000,Tacoma,Tacoma city,25,C1,Y,N,G4110,A,128789928,32870833,+47.2521991,-122.4598318,53,053,071703,1400000US53053071703,53053071703,717.03,CT,871093,50966,"list(c(-122.463794, 47.184692), c(-122.463169, -122.463172, 47.179203, 47.179374), c(-122.463202, -122.463209, 47.180766, 47.181047), list(c(-122.455212, -122.456575, -122.457154, -122.457843, -122.458381, -122.459416, -122.461259, -122.461526, -122.46308, -122.455212, 47.17019, 47.170187, 47.170186, 47.170185, 47.170183, 47.17018, 47.170179, 47.170179, 47.170177, 47.17019)), list(c(-122.46308, -122.463474, -122.464057, -122.464195, -122.465938, -122.46593, -122.465851, -122.465819, -122.465805, 
-122.465815, -122.466068, -122.46718, -122.467220636363, -122.467888500889, -122.468348, -122.468392, -122.468391, -122.468391, -122.468393, -122.468394, -122.468396, -122.468397, -122.468398, -122.4684, -122.468401, -122.468405, -122.468406, -122.46841, -122.468413, -122.46815, -122.467629, -122.467336, -122.466883, -122.466773, -122.466643, -122.466623, -122.466603, -122.466584, -122.466564, -122.466488, -122.466522, -122.466321, -122.466086, -122.466066, -122.465984, -122.465904, -122.465828, 
-122.465747, -122.465678, -122.465613, -122.465493, -122.465412, -122.465269, -122.465126, -122.465068, -122.465051, -122.464969, -122.464849, -122.46469, -122.464507, -122.464315, -122.46403, -122.463169, -122.463119, -122.46308, 47.170177, 47.170175, 47.170172, 47.166835, 47.166808, 47.166896, 47.168825, 47.169607, 47.169724, 47.170179, 47.170181, 47.170185, 47.170185, 47.1701878507993, 47.17019, 47.17019, 47.170273, 47.1703, 47.170656, 47.170858, 47.171076, 47.171335, 47.171484, 47.171801, 47.172016, 
47.172553, 47.172938, 47.173375, 47.17371, 47.173971, 47.174492, 47.174784, 47.175244, 47.175364, 47.175513, 47.175536, 47.17556, 47.175583, 47.175607, 47.175697, 47.175709, 47.175982, 47.176302, 47.176337, 47.176468, 47.176599, 47.176731, 47.176881, 47.177015, 47.17715, 47.177421, 47.177421, 47.177808, 47.178118, 47.178643, 47.178679, 47.178802, 47.178915, 47.179035, 47.179128, 47.179195, 47.179242, 47.179203, 47.173794, 47.170177)), list(c(-122.463172, -122.463816, -122.463816, -122.464893, -122.464525, 
-122.464233, -122.463202, -122.463172, 47.179374, 47.179364, 47.179446, 47.179441, 47.180775, 47.180773, 47.180766, 47.179374)))"
53,70000,02412025,5370000,Tacoma,Tacoma city,25,C1,Y,N,G4110,A,128789928,32870833,+47.2521991,-122.4598318,53,053,071803,1400000US53053071803,53053071803,718.03,CT,4608947,0,"list(c(-122.5052, 47.197477), c(-122.497524, 47.184709), c(-122.487161, 47.184714), c(-122.483674, 47.184748), list(c(-122.504788945504, -122.504882, -122.504982, -122.504788945504, 47.1846973106267, 47.184696, 47.184697, 47.1846973106267)), list(c(-122.505013609001, -122.505014, -122.505026, -122.505045, -122.505046, -122.505047, -122.505051, -122.505054, -122.505057, -122.50506, -122.505063, -122.505065, -122.505066, -122.505069, -122.505069, -122.50506869432, -122.505013609001, 47.1866397890219, 
47.186648, 47.187363, 47.188547, 47.18861, 47.188672, 47.188906, 47.189082, 47.189265, 47.189446, 47.189623, 47.189756, 47.189798, 47.189971, 47.190009, 47.1900255067005, 47.1866397890219)), list(c(-122.505077, -122.50545, -122.508618, -122.508779, -122.505077, 47.190536, 47.190537, 47.190568, 47.19057, 47.190536)), list(c(-122.508772, -122.514732, -122.515795, -122.515808, -122.520884, -122.521152, -122.521460032929, -122.521234, -122.521267, -122.521269, -122.52127, -122.521271, -122.521297, -122.52138, 
-122.521509, -122.521506, -122.521467, -122.521442, -122.521418, -122.521393847134, -122.521274, -122.519271713203, -122.519161, -122.518949, -122.518719, -122.51806, -122.51051617784, -122.510061, -122.508812, -122.508671, -122.508672, -122.508677, -122.508674, -122.508679, -122.508669, -122.508772, 47.192006, 47.19197, 47.192653, 47.195601, 47.195531, 47.195521, 47.196286, 47.196286, 47.198231, 47.198382, 47.198418, 47.198674, 47.198692, 47.19875, 47.198888, 47.198898, 47.199025, 47.199049, 47.199072, 
47.1990951464968, 47.199166, 47.1989120896587, 47.198878, 47.198813, 47.198842, 47.199064, 47.199209428886, 47.19921, 47.19921, 47.199245, 47.199013, 47.198247, 47.197492, 47.196127, 47.194352, 47.192006)), list(c(-122.508669, -122.506013, -122.505745, -122.505233, -122.508669, 47.194352, 47.19434, 47.194342, 47.194336, 47.194352)))"
53,70000,02412025,5370000,Tacoma,Tacoma city,25,C1,Y,N,G4110,A,128789928,32870833,+47.2521991,-122.4598318,53,053,071808,1400000US53053071808,53053071808,718.08,CT,1956232,118426,"list(list(c(-122.463794, -122.464064, -122.464516, -122.464815, -122.463794, 47.184692, 47.184653, 47.184684, 47.184688, 47.184692)), list(c(-122.468298606402, -122.468612, -122.473894, -122.468298606402, 47.1847271373337, 47.184729, 47.18479, 47.1847271373337)), list(c(-122.476233066965, -122.476246, -122.476624, -122.47782, -122.478265, -122.478931, -122.479656, -122.479984, -122.480066, -122.483674, -122.476233066965, 47.1847799549271, 47.184779, 47.184778, 47.184772, 47.18477, 47.184766, 47.184764, 
47.184761, 47.184762, 47.184748, 47.1847799549271)))"
53,70000,02412025,5370000,Tacoma,Tacoma city,25,C1,Y,N,G4110,A,128789928,32870833,+47.2521991,-122.4598318,53,053,072106,1400000US53053072106,53053072106,721.06,CT,3412556,0,"list(c(-122.521152, -122.52122, -122.521292, -122.521409, -122.521479, -122.521460032929, -122.521152, 47.195521, 47.195627, 47.195761, 47.196069, 47.196286, 47.196286, 47.195521))"
53,70000,02412025,5370000,Tacoma,Tacoma city,25,C1,Y,N,G4110,A,128789928,32870833,+47.2521991,-122.4598318,53,053,940002,1400000US53053940002,53053940002,9400.02,CT,13422780,171525,"list(c(-122.357603, 47.255705), list(c(-122.355684, -122.355671, -122.355733, -122.356235, -122.357828, -122.357939, -122.355684, 47.277466, 47.27641, 47.273489, 47.275442, 47.275715, 47.279023, 47.277466)), list(c(-122.355718, -122.355504, -122.355424, -122.355304, -122.355104, -122.354903, -122.354202, -122.354106, -122.353087, -122.352632, -122.352512, -122.352092, -122.351859, -122.351725, -122.35147, -122.351554, -122.350792, -122.350612, -122.350631, -122.352978, -122.353201, -122.353202, -122.353203, 
-122.353232, -122.353258, -122.354542, -122.355511, -122.355823, -122.355718, 47.271675, 47.271673, 47.271673, 47.271672, 47.271671, 47.271671, 47.271668, 47.271667, 47.271663, 47.271662, 47.271661, 47.271659, 47.271658, 47.271663, 47.271657, 47.270331, 47.270345, 47.270337, 47.269948, 47.269922, 47.26992, 47.269898, 47.269877, 47.268901, 47.268153, 47.268134, 47.268113, 47.268099, 47.271675)), list(c(-122.355823, -122.355832, -122.355833, -122.355834, -122.355838, -122.355921, -122.355941, -122.355969, 
-122.355981, -122.355809, -122.355608, -122.355407, -122.355206, -122.354301, -122.353757, -122.353759, -122.350721, -122.350482, -122.350333, -122.350337, -122.350346, -122.349542, -122.349651, -122.348378, -122.348424, -122.350252, -122.350939, -122.351618, -122.352525, -122.352617, -122.35283, -122.352897, -122.352923, -122.353028, -122.353116, -122.353269, -122.353336, -122.353425, -122.354535, -122.354671, -122.355941, -122.356631, -122.35666, -122.356661, -122.357582, -122.35856, -122.358919, 
-122.359707, -122.359099, -122.357332, -122.356571, -122.356186, -122.355823, 47.268099, 47.267986, 47.267623, 47.266977, 47.264585, 47.262562, 47.261367, 47.261368, 47.261084, 47.26108, 47.261079, 47.261078, 47.261077, 47.261072, 47.261069, 47.262191, 47.262197, 47.262198, 47.262198, 47.261496, 47.261049, 47.261041, 47.25832, 47.258308, 47.257379, 47.257393, 47.257398, 47.257402, 47.257409, 47.257409, 47.257411, 47.257413, 47.257414, 47.257416, 47.257418, 47.257422, 47.257424, 47.257442, 47.257438, 
47.257422, 47.257433, 47.25744, 47.256507, 47.256477, 47.25648, 47.256484, 47.256486, 47.256943, 47.257452, 47.258983, 47.258522, 47.26806, 47.268099)), list(c(-122.360687, -122.360624, -122.360556114701, -122.359401, -122.359416, -122.359419, -122.359431, -122.359443, -122.359451, -122.35963, -122.359669, -122.359671, -122.359695, -122.359655, -122.359509, -122.359528, -122.359412, -122.359415, -122.359447, -122.359451, -122.359453, -122.359456, -122.364186, -122.364797, -122.366117, -122.367408, 
-122.369532, -122.372667, -122.373032, -122.372983, -122.377628, -122.377623, -122.377621, -122.378021, -122.378188, -122.37824, -122.380827, -122.380828, -122.380818, -122.380795, -122.380749, -122.380748, -122.380741, -122.380744, -122.380797, -122.380808, -122.3815, -122.382336, -122.382499, -122.384377, -122.385601, -122.385601, -122.385598, -122.385595, -122.385598, -122.385598, -122.385604, -122.38562, -122.385639, -122.385639, -122.385639, -122.386248, -122.386497, -122.386657, -122.386778, 
-122.38683, -122.386898, -122.387228, -122.387506, -122.387748, -122.38794, -122.388315, -122.388625, -122.388743, -122.388816, -122.388903, -122.389052, -122.389314, -122.389463, -122.389672, -122.389872, -122.389989, -122.390109, -122.390507, -122.390631, -122.391026, -122.391147, -122.391977, -122.392098, -122.392219, -122.392622, -122.393023, -122.393265, -122.393667, -122.39424, -122.394351, -122.394339, -122.394812, -122.395541, -122.396478, -122.396904, -122.396909, -122.396911, -122.398247, 
-122.398245, -122.398241, -122.398315, -122.399574, -122.399579, -122.399601, -122.399603, -122.400678, -122.400664, -122.401151, -122.402881, -122.40078, -122.399301, -122.384284, -122.382049, -122.379262, -122.372173, -122.362776, -122.360687, 47.253654, 47.253654, 47.2536541017771, 47.253655, 47.253045, 47.252997, 47.252551, 47.252106, 47.251811, 47.251811, 47.251811, 47.251743, 47.250858, 47.250858, 47.250858, 47.250019, 47.249986, 47.249762, 47.246506, 47.246373, 47.246302, 47.246271, 47.246295, 
47.246293, 47.246294, 47.246294, 47.246304, 47.246318, 47.246338, 47.245323, 47.245367, 47.245718, 47.245845, 47.245847, 47.245847, 47.245848, 47.245856, 47.245984, 47.246355, 47.246355, 47.246355, 47.246405, 47.246652, 47.246795, 47.246796, 47.246964, 47.246966, 47.246968, 47.246966, 47.246954, 47.246959, 47.246932, 47.246619, 47.246388, 47.245998, 47.245973, 47.245268, 47.244971, 47.244796, 47.244668, 47.244552, 47.244557, 47.244559, 47.24456, 47.244561, 47.244561, 47.244562, 47.244564, 47.244566, 
47.244568, 47.24457, 47.244572, 47.244575, 47.244576, 47.244579, 47.244584, 47.244584, 47.244585, 47.244585, 47.244585, 47.244586, 47.244586, 47.244586, 47.244587, 47.244587, 47.244588, 47.244589, 47.24459, 47.244591, 47.244591, 47.244592, 47.244593, 47.244593, 47.244594, 47.244595, 47.244596, 47.245007, 47.245009, 47.245012, 47.245016, 47.245019, 47.244692, 47.244606, 47.244611, 47.244695, 47.244844, 47.244845, 47.244849, 47.244619, 47.243712, 47.243562, 47.244708, 47.247217, 47.250614, 47.253074, 
47.253713, 47.253729, 47.253694, 47.254092, 47.253708, 47.25382, 47.253471, 47.253654)), list(c(-122.399631, -122.399631, -122.399633, -122.399633, -122.399634, -122.399631, 47.240991, 47.240843, 47.240544, 47.240464, 47.240445, 47.240991)), list(c(-122.399634, -122.399485, -122.39927, -122.398717, -122.398513, -122.397804, -122.397369, -122.399634, 47.240445, 47.24041, 47.24036, 47.240231, 47.240159, 47.239912, 47.23976, 47.240445)), list(c(-122.397369, -122.397245, -122.397167, -122.397041, -122.396989, 
-122.39694, -122.396275, -122.396095, -122.395948, -122.39589, -122.395677, -122.395589, -122.39546, -122.395306, -122.395184, -122.395137, -122.39427, -122.39427, -122.397369, 47.23976, 47.239691, 47.239647, 47.239576, 47.239547, 47.23952, 47.239147, 47.239027, 47.238929, 47.23889, 47.238747, 47.238688, 47.238603, 47.2385, 47.238419, 47.238388, 47.237814, 47.237748, 47.23976)))"
53,70000,02412025,5370000,Tacoma,Tacoma city,25,C1,Y,N,G4110,A,128789928,32870833,+47.2521991,-122.4598318,53,053,072305,1400000US53053072305,53053072305,723.05,CT,4066566,0,"list(c(-122.52637, 47.242709), c(-122.515953, 47.242772), c(-122.505152, 47.22107), c(-122.505107, 47.232), c(-122.50508, 47.234413), c(-122.50495, -122.505269, 47.242912, 47.242901), list(c(-122.513904, -122.51306, -122.512646, -122.512417, -122.511401, -122.510645, -122.509548, -122.509547, -122.509547, -122.509547, -122.509535, -122.507684, -122.507672, -122.506443, -122.506417, -122.506414, -122.506455, -122.50648, -122.507035, -122.507147, -122.507513, -122.507609, -122.507919, -122.508081, 
-122.50844, -122.508771, -122.508877, -122.509034, -122.509299, -122.509533, -122.509767, -122.509798, -122.509817, -122.509857, -122.510148, -122.510437, -122.51053, -122.510738, -122.51103, -122.511713, -122.511966, -122.511967, -122.511968, -122.51197, -122.511972, -122.511973, -122.511974, -122.511975, -122.511977, -122.511978, -122.511979, -122.51198, -122.511982, -122.511983, -122.511986, -122.51247, -122.512473, -122.512617, -122.513222, -122.513223, -122.513224, -122.513225, -122.513226, 
-122.513227, -122.513229, -122.51323, -122.513232, -122.513233, -122.513233, -122.513234, -122.513236, -122.513237, -122.513239, -122.51324, -122.513726, -122.51373, -122.513862, -122.513867, -122.513869, -122.513874, -122.513876, -122.513906, -122.513904, 47.228276, 47.228284, 47.228288, 47.22829, 47.228301, 47.228309, 47.228314, 47.228257, 47.228204, 47.228183, 47.227244, 47.227254, 47.226512, 47.226519, 47.22481, 47.224697, 47.224697, 47.224697, 47.224693, 47.224693, 47.22469, 47.22469, 47.224688, 
47.224687, 47.224684, 47.224682, 47.224681, 47.22468, 47.224679, 47.224677, 47.224676, 47.224675, 47.224675, 47.224675, 47.224673, 47.224671, 47.224671, 47.224669, 47.224667, 47.224663, 47.224661, 47.224702, 47.224743, 47.224814, 47.224883, 47.224952, 47.224994, 47.225022, 47.225091, 47.22516, 47.225182, 47.225229, 47.225298, 47.225367, 47.225444, 47.225434, 47.225569, 47.225565, 47.225562, 47.225631, 47.225676, 47.2257, 47.225769, 47.225838, 47.225907, 47.225976, 47.226044, 47.226113, 47.22614, 
47.226182, 47.226251, 47.226333, 47.226416, 47.22647, 47.226466, 47.226575, 47.226574, 47.226785, 47.226847, 47.227053, 47.227131, 47.228266, 47.228276)), list(c(-122.5051500466, -122.505151, -122.50515, -122.5051500466, 47.2282467905896, 47.228306, 47.228418, 47.2282467905896)), list(c(-122.50515, -122.505139, -122.505135706825, -122.50515, 47.228418, 47.229471, 47.2296086547125, 47.228418)), list(c(-122.505028, -122.505022, -122.505022, -122.505017, -122.505015, -122.504985, -122.504974296488, 
-122.505028, 47.239712, 47.240498, 47.240563, 47.240833, 47.24111, 47.241709, 47.2419152209917, 47.239712)))"
53,70000,02412025,5370000,Tacoma,Tacoma city,25,C1,Y,N,G4110,A,128789928,32870833,+47.2521991,-122.4598318,53,053,072309,1400000US53053072309,53053072309,723.09,CT,3271577,2236950,"list(c(-122.54502, 47.242678), c(-122.546354, -122.546639, 47.242678, 47.242678), c(-122.546639, -122.546931, 47.242678, 47.242678), c(-122.559271, -122.560034, 47.242744, 47.242688), list(c(-122.546931, -122.546927, -122.546406, -122.546407, -122.547688, -122.547689, -122.547689, -122.547771, -122.548374, -122.548547, -122.549011, -122.549006, -122.549006, -122.549006, -122.549005, -122.549005, -122.549004, -122.549004, -122.549003, -122.549002, -122.549002, -122.548999, -122.546931, 47.242678, 
47.240734, 47.24074, 47.240293, 47.240282, 47.240187, 47.240169, 47.24017, 47.240184, 47.240188, 47.240198, 47.241154, 47.24118, 47.241368, 47.241534, 47.241568, 47.241603, 47.241623, 47.241927, 47.242133, 47.242151, 47.242685, 47.242678)), list(c(-122.551508, -122.551523, -122.550996, -122.550961, -122.552998, -122.553004, -122.553005, -122.553006, -122.553007, -122.553008, -122.553009, -122.55301, -122.55301, -122.55301, -122.553011, -122.553011, -122.553013, -122.553015, -122.553015, -122.553017, 
-122.553018, -122.55302, -122.55302, -122.552353, -122.552354, -122.552358, -122.553047, -122.554784, -122.555082, -122.555888, -122.556518, -122.556712, -122.55679, -122.556963, -122.557083, -122.557403, -122.557393, -122.557363, -122.558378, -122.558347, -122.560108, -122.560532, -122.560535, -122.561547, -122.561488, -122.561403, -122.561065, -122.560837, -122.560807, -122.560056, -122.560049, -122.559964, -122.559828, -122.559891, -122.559641, -122.559601, -122.557713, -122.554073, -122.554066, 
-122.553442, -122.553443, -122.553262, -122.553262, -122.552816, -122.552818, -122.552396, -122.552212, -122.552206, -122.551508, 47.242676, 47.241575, 47.241572, 47.240243, 47.240288, 47.239809, 47.239465, 47.239328, 47.238995, 47.238892, 47.23867, 47.238444, 47.238338, 47.238303, 47.238213, 47.237997, 47.237541, 47.237088, 47.237071, 47.236546, 47.236261, 47.235919, 47.235844, 47.235834, 47.235552, 47.235273, 47.235283, 47.235305, 47.235308, 47.235318, 47.23534, 47.235349, 47.235353, 47.235387, 
47.235427, 47.235426, 47.235399, 47.235332, 47.235349, 47.236432, 47.236453, 47.236458, 47.236337, 47.236338, 47.236408, 47.236492, 47.236974, 47.237301, 47.23732, 47.237765, 47.237848, 47.237886, 47.237966, 47.23844, 47.238741, 47.238788, 47.240392, 47.240312, 47.241588, 47.241585, 47.241435, 47.241434, 47.241365, 47.241364, 47.241559, 47.241549, 47.241544, 47.2427, 47.242676)), list(c(-122.552206, -122.552394, -122.552713, -122.552865, -122.553427, -122.553669, -122.553752, -122.554509, -122.556216, 
-122.556691, -122.556962, -122.557811, -122.558171, -122.558167, -122.559271, -122.552206, 47.2427, 47.2427, 47.242702, 47.242703, 47.242705, 47.242707, 47.242708, 47.242681, 47.242694, 47.242696, 47.242697, 47.242686, 47.242699, 47.242729, 47.242744, 47.2427)), list(c(-122.560034, -122.560050514219, -122.560050514219, -122.560034, 47.242688, 47.2449465160654, 47.2449465160654, 47.242688)))"
53,70000,02412025,5370000,Tacoma,Tacoma city,25,C1,Y,N,G4110,A,128789928,32870833,+47.2521991,-122.4598318,53,053,072311,1400000US53053072311,53053072311,723.11,CT,2443694,6948,"list(c(-122.52637, 47.242709), list(c(-122.52651819181, -122.529996, -122.530127, -122.531204, -122.532465, -122.532961, -122.533287, -122.534165, -122.534266, -122.52651819181, 47.2427086621767, 47.242698, 47.242698, 47.242696, 47.242693, 47.242692, 47.242692, 47.242691, 47.242691, 47.2427086621767)), list(c(-122.534266, -122.534245, -122.53434, -122.535687, -122.535706, -122.535729, -122.534266, 47.242691, 47.2423, 47.2423, 47.242309, 47.24248, 47.242685, 47.242691)), list(c(-122.535729, -122.536871, 
-122.536873, -122.537057, -122.537058, -122.537057, -122.535729, 47.242685, 47.242681, 47.242295, 47.242273, 47.242114, 47.242681, 47.242685)))"
53,70000,02412025,5370000,Tacoma,Tacoma city,25,C1,Y,N,G4110,A,128789928,32870833,+47.2521991,-122.4598318,53,053,072312,1400000US53053072312,53053072312,723.12,CT,2458910,0,"list(c(-122.508671, 47.199245), c(-122.518719, -122.51806, 47.198842, 47.199064), list(c(-122.521393847134, -122.521322, -122.521278, -122.521274, -122.521393847134, 47.1990951464968, 47.199164, 47.199207, 47.199166, 47.1990951464968)), list(c(-122.521274, -122.520327, -122.519912, -122.51957, -122.519554, -122.519543, -122.519515, -122.519271713203, -122.521274, 47.199166, 47.19917, 47.199172, 47.199174, 47.19912, 47.199085, 47.198987, 47.1989120896587, 47.199166)), list(c(-122.51806, -122.518065, 
-122.517889, -122.515879, -122.515283, -122.515046, -122.51481, -122.513249, -122.51051617784, -122.51806, 47.199064, 47.199182, 47.199182, 47.199193, 47.199188, 47.199186, 47.199189, 47.199206, 47.199209428886, 47.199064)), list(c(-122.505229, -122.505234, -122.505235, -122.505365, -122.505621, -122.506174, -122.506171, -122.50629, -122.508308, -122.508221, -122.508198, -122.507981, -122.507742, -122.50747, -122.506918, -122.506538, -122.506176, -122.505964, -122.505714, -122.505618, -122.505499, 
-122.505417, -122.505385, -122.50209, -122.502083, -122.503375, -122.505229, 47.199276, 47.201661, 47.201833, 47.201835, 47.201841, 47.201829, 47.202747, 47.202745, 47.202726, 47.20289, 47.202932, 47.203251, 47.203521, 47.203797, 47.204333, 47.204702, 47.205059, 47.205302, 47.205658, 47.205819, 47.206065, 47.206279, 47.206514, 47.206525, 47.201204, 47.199272, 47.199276)))"
53,70000,02412025,5370000,Tacoma,Tacoma city,25,C1,Y,N,G4110,A,128789928,32870833,+47.2521991,-122.4598318,53,053,060300,1400000US53053060300,53053060300,603,CT,5515503,9884998,"list(c(-122.547408, -122.541335, -122.533338, -122.519733, -122.514974, -122.512383, -122.507822, -122.507026, -122.506897310826, -122.502828944374, -122.499273, -122.499275, -122.498923618729, -122.502962, -122.500195, -122.498532, -122.503812, -122.515757, -122.521045, -122.525148, -122.528777305108, -122.528738, -122.528868, -122.536819, -122.542048, -122.547747, -122.547408, 47.317734, 47.318932, 47.31662, 47.307955, 47.306054, 47.307534, 47.305557, 47.302842, 47.3027375946209, 47.2994369335884, 
47.296552, 47.294922, 47.2946981473658, 47.294229, 47.293095, 47.290677, 47.29069, 47.290804, 47.290842, 47.29085, 47.2905748403788, 47.290888, 47.293113, 47.304428, 47.310714, 47.316403, 47.317734), c(-122.515708, -122.511273, -122.510394, -122.509551, -122.508098, -122.506511, -122.505168, -122.505177, -122.505164, -122.50513, -122.505129, -122.505126, -122.505126, -122.505125, -122.504357, -122.502966, -122.503272, -122.503706, -122.504121, -122.504271, -122.504439, -122.504624, -122.504793, -122.505068, 
-122.50525, -122.505528, -122.50565, -122.505764, -122.505834, -122.505836, -122.506013, -122.506125, -122.506225, -122.506315, -122.506319, -122.506372, -122.50642, -122.506445, -122.506512, -122.506536, -122.506563, -122.50658, -122.506625, -122.506625, -122.506687, -122.506767, -122.506877, -122.506904, -122.506927, -122.506936, -122.506949, -122.506986, -122.507284, -122.507397, -122.507409, -122.508337, -122.508613, -122.508639, -122.508678, -122.509305, -122.510351, -122.510427, -122.510537, 
-122.511517, -122.512904, -122.514288, -122.51564, -122.515645, -122.515647, -122.515669, -122.515672, -122.515675, -122.515675, -122.515679, -122.515689, -122.515708, 47.294429, 47.294379, 47.294369, 47.294369, 47.294362, 47.294356, 47.294356, 47.294848, 47.295728, 47.295811, 47.297207, 47.297592, 47.297617, 47.297839, 47.298348, 47.299268, 47.299521, 47.299839, 47.300007, 47.300095, 47.30021, 47.300386, 47.300552, 47.300776, 47.300923, 47.301071, 47.301136, 47.30117, 47.301238, 47.301303, 47.301513, 
47.301586, 47.301806, 47.301841, 47.301887, 47.301915, 47.302082, 47.302113, 47.302131, 47.302186, 47.302314, 47.30239, 47.302425, 47.30246, 47.302532, 47.30256, 47.302683, 47.302691, 47.302701, 47.302711, 47.302726, 47.302768, 47.30264, 47.302646, 47.302634, 47.302229, 47.302108, 47.302098, 47.302039, 47.301771, 47.301708, 47.301735, 47.301743, 47.301744, 47.301758, 47.30177, 47.301782, 47.300594, 47.299336, 47.298103, 47.297311, 47.296276, 47.29623, 47.295355, 47.294866, 47.294429))"
53,70000,02412025,5370000,Tacoma,Tacoma city,25,C1,Y,N,G4110,A,128789928,32870833,+47.2521991,-122.4598318,53,053,060600,1400000US53053060600,53053060600,606,CT,2130220,4742856,"list(c(-122.468168, -122.468169, -122.468168, -122.468169, -122.468172, -122.468169, -122.466855, -122.466859, -122.466896, -122.465289, -122.46462747699, -122.461076, -122.453132, -122.4442, -122.440321, -122.440310435951, -122.439265, -122.439626, -122.441332, -122.445098, -122.448362, -122.45108, -122.45398, -122.455913, -122.457165, -122.45779, -122.455024, -122.456349, -122.45898, -122.461609, -122.464169, -122.465956, -122.468328, -122.468168, 47.259798, 47.261074, 47.263258, 47.26363, 47.265446, 
47.267467, 47.268336, 47.270579, 47.274754, 47.274765, 47.2760762991564, 47.275447, 47.272399, 47.266723, 47.262023, 47.2620225229139, 47.260443, 47.260932, 47.261177, 47.266137, 47.268159, 47.270544, 47.266397, 47.263653, 47.261875, 47.260982, 47.260082, 47.259418, 47.258088, 47.256756, 47.255464, 47.255451, 47.255443, 47.259798))"
53,70000,02412025,5370000,Tacoma,Tacoma city,25,C1,Y,N,G4110,A,128789928,32870833,+47.2521991,-122.4598318,53,053,060800,1400000US53053060800,53053060800,608,CT,2583067,0,"list(c(-122.503853, -122.494599, -122.488835, -122.488834, -122.488863, -122.488878, -122.488866, -122.488858, -122.488851, -122.488843, -122.488842, -122.48884, -122.488986, -122.491665, -122.503807, -122.503826, -122.503831, -122.50382, -122.503838, -122.503818, -122.503841, -122.503843, -122.503841, -122.503853, 47.275895, 47.275839, 47.275807, 47.274856, 47.272993, 47.271995, 47.270136, 47.267334, 47.264591, 47.261796, 47.259932, 47.258994, 47.255292, 47.255313, 47.255365, 47.258971, 47.261776, 
47.264551, 47.265457, 47.267319, 47.270113, 47.271048, 47.27307, 47.275895))"
53,70000,02412025,5370000,Tacoma,Tacoma city,25,C1,Y,N,G4110,A,128789928,32870833,+47.2521991,-122.4598318,53,053,060905,1400000US53053060905,53053060905,609.05,CT,3038716,971534,"list(c(-122.544425, -122.534154062478, -122.533105, -122.523884, -122.521067, -122.515894, -122.515905, -122.515908, -122.515931, -122.515943, -122.518493, -122.526336, -122.529415, -122.531341, -122.536095, -122.53711, -122.539446, -122.544693265007, -122.544425, 47.26412, 47.2751543484272, 47.275108, 47.272179, 47.271332, 47.27109, 47.267127, 47.265508, 47.26331, 47.25737, 47.258047, 47.258664, 47.258864, 47.258841, 47.258713, 47.25885, 47.259743, 47.2637834288324, 47.26412))"
53,70000,02412025,5370000,Tacoma,Tacoma city,25,C1,Y,N,G4110,A,128789928,32870833,+47.2521991,-122.4598318,53,053,061100,1400000US53053061100,53053061100,611,CT,4353613,41555,"list(c(-122.513837, -122.503807, -122.491665, -122.488986, -122.483639, -122.483692, -122.48358, -122.482735, -122.476259, -122.477045, -122.475143, -122.476086, -122.479415, -122.482425, -122.486583, -122.489244, -122.492651, -122.49548, -122.49772, -122.499163, -122.504546, -122.505196, -122.510959, -122.512866, -122.513837, 47.255422, 47.255365, 47.255313, 47.255292, 47.255268, 47.250018, 47.246263, 47.242757, 47.242788, 47.239924, 47.235035, 47.23502, 47.235163, 47.235515, 47.235009, 47.234911, 
47.234877, 47.234871, 47.235377, 47.23626, 47.242931, 47.243632, 47.250086, 47.25234, 47.255422))"
53,70000,02412025,5370000,Tacoma,Tacoma city,25,C1,Y,N,G4110,A,128789928,32870833,+47.2521991,-122.4598318,53,053,061400,1400000US53053061400,53053061400,614,CT,927202,0,"list(c(-122.454091, -122.449793, -122.445373, -122.444904, -122.443968, -122.4435, -122.442563, -122.448415, -122.451279, -122.452216, -122.452685, -122.452917, -122.453387, -122.453857, -122.454091, 47.255969, 47.256417, 47.256877, 47.254821, 47.25071, 47.248648, 47.244529, 47.243915, 47.243614, 47.247732, 47.249792, 47.250822, 47.25288, 47.25494, 47.255969))"
53,70000,02412025,5370000,Tacoma,Tacoma city,25,C1,Y,N,G4110,A,128789928,32870833,+47.2521991,-122.4598318,53,053,061601,1400000US53053061601,53053061601,616.01,CT,761485,0,"list(c(-122.445373, -122.443322, -122.444549, -122.441624, -122.439918, -122.441332, -122.439626, -122.439265, -122.435972, -122.434611, -122.434879, -122.436084, -122.436699, -122.4435, -122.443968, -122.444904, -122.445373, 47.256877, 47.258626, 47.260442, 47.259786, 47.257419, 47.261177, 47.260932, 47.260443, 47.255513, 47.249931, 47.249571, 47.249419, 47.249275, 47.248648, 47.25071, 47.254821, 47.256877))"
53,70000,02412025,5370000,Tacoma,Tacoma city,25,C1,Y,N,G4110,A,128789928,32870833,+47.2521991,-122.4598318,53,053,062000,1400000US53053062000,53053062000,620,CT,2065341,33947,"list(c(-122.431212, -122.428421, -122.418017, -122.415585, -122.414969, -122.413449, -122.413114, -122.412787, -122.408211, -122.407701, -122.4077, -122.407699, -122.41634, -122.416305, -122.417276, -122.420813, -122.42365, -122.426121, -122.427104, -122.427008, -122.428724, -122.428974, -122.429167, -122.431212, 47.233391, 47.234039, 47.238219, 47.238549, 47.238044, 47.231332, 47.229865, 47.228407, 47.228881, 47.226614, 47.224543, 47.220875, 47.220893, 47.223109, 47.223115, 47.223108, 47.222971, 
47.223116, 47.224365, 47.227431, 47.229012, 47.230712, 47.231403, 47.233391))"
53,70000,02412025,5370000,Tacoma,Tacoma city,25,C1,Y,N,G4110,A,128789928,32870833,+47.2521991,-122.4598318,53,053,062400,1400000US53053062400,53053062400,624,CT,2266569,0,"list(c(-122.44195, -122.440634, -122.434039, -122.428768, -122.426121, -122.425354, -122.427272, -122.426445, -122.426181, -122.426326, -122.426245, -122.424911, -122.424085, -122.423777, -122.432652, -122.433973, -122.441826, -122.441826, -122.441832, -122.441874, -122.441873, -122.441867, -122.44195, 47.223068, 47.223069, 47.223091, 47.222814, 47.223116, 47.221473, 47.218395, 47.217064, 47.213817, 47.212262, 47.211758, 47.20994, 47.208592, 47.206326, 47.206367, 47.206374, 47.206402, 47.209113, 
47.210019, 47.211818, 47.21364, 47.218341, 47.223068))"
53,70000,02412025,5370000,Tacoma,Tacoma city,25,C1,Y,N,G4110,A,128789928,32870833,+47.2521991,-122.4598318,53,053,062500,1400000US53053062500,53053062500,625,CT,2900393,0,"list(c(-122.463275, -122.455086, -122.452271, -122.449253, -122.44195, -122.441867, -122.441873, -122.441874, -122.441832, -122.441826, -122.441826, -122.452344, -122.458496, -122.461477, -122.462442, -122.463046, -122.463275, 47.222992, 47.223189, 47.223144, 47.223121, 47.223068, 47.218341, 47.21364, 47.211818, 47.210019, 47.209113, 47.206402, 47.206448, 47.206531, 47.206565, 47.213876, 47.218496, 47.222992))"
53,70000,02412025,5370000,Tacoma,Tacoma city,25,C1,Y,N,G4110,A,128789928,32870833,+47.2521991,-122.4598318,53,053,062801,1400000US53053062801,53053062801,628.01,CT,3760443,12847,"list(c(-122.505385, -122.505339, -122.505304, -122.505282, -122.505271, -122.505275, -122.505269, -122.50526, -122.505257, -122.505255, -122.505251, -122.505248, -122.505245, -122.505244, -122.50524, -122.505203, -122.505152, -122.50515, -122.505149, -122.505149, -122.50513, -122.505126, -122.505122, -122.5051500466, -122.50515, -122.505135706825, -122.505129, -122.505113, -122.505107, -122.505092, -122.505091, -122.505089, -122.505067, -122.50508, -122.505055, -122.505037, -122.505006, -122.50503, 
-122.505028, -122.504974296488, -122.50497, -122.50495, -122.505269, -122.505196, -122.504546, -122.499163, -122.49772, -122.49548, -122.492651, -122.489244, -122.486583, -122.482425, -122.479415, -122.476086, -122.475143, -122.47432, -122.478338, -122.482007, -122.48607, -122.48609, -122.489711, -122.489718, -122.493362, -122.493903, -122.494177, -122.494383, -122.493218, -122.49701, -122.50209, -122.505385, 47.206514, 47.206703, 47.206893, 47.207083, 47.207274, 47.207991, 47.20839, 47.209207, 47.209441, 
47.209914, 47.210966, 47.21163, 47.21246, 47.212657, 47.213799, 47.217498, 47.22107, 47.222284, 47.222821, 47.22289, 47.225389, 47.225984, 47.226505, 47.2282467905896, 47.228418, 47.2296086547125, 47.229889, 47.230672, 47.232, 47.232767, 47.233246, 47.233274, 47.233611, 47.234413, 47.235951, 47.236006, 47.237527, 47.239284, 47.239712, 47.2419152209917, 47.241998, 47.242912, 47.242901, 47.243632, 47.242931, 47.23626, 47.235377, 47.234871, 47.234877, 47.234911, 47.235009, 47.235515, 47.235163, 47.23502, 
47.235035, 47.233797, 47.233061, 47.231448, 47.231255, 47.22924, 47.229237, 47.227262, 47.223701, 47.21384, 47.212893, 47.209631, 47.206232, 47.206513, 47.206525, 47.206514))"
53,70000,02412025,5370000,Tacoma,Tacoma city,25,C1,Y,N,G4110,A,128789928,32870833,+47.2521991,-122.4598318,53,053,063000,1400000US53053063000,53053063000,630,CT,2204911,0,"list(c(-122.464815, -122.467266, -122.468298606402, -122.473894, -122.47383, -122.47133, -122.469823, -122.47377, -122.47374, -122.473665, -122.473603, -122.473612, -122.47364, -122.47369, -122.465691, -122.463856, -122.461477, -122.461139, -122.461202, -122.462133, -122.462277, -122.463794, -122.464815, 47.184688, 47.184721, 47.1847271373337, 47.18479, 47.186502, 47.186607, 47.190143, 47.19018, 47.191974, 47.19561, 47.199226, 47.201043, 47.206441, 47.208728, 47.208713, 47.206452, 47.206565, 47.203673, 
47.20265, 47.196474, 47.190793, 47.184692, 47.184688))"
53,70000,02412025,5370000,Tacoma,Tacoma city,25,C1,Y,N,G4110,A,128789928,32870833,+47.2521991,-122.4598318,53,053,063400,1400000US53053063400,53053063400,634,CT,3860357,0,"list(c(-122.420972559939, -122.420978, -122.420978, -122.420975205493, -122.420981, -122.420982, -122.420955, -122.420941, -122.42095, -122.420952, -122.420953, -122.420954, -122.420966, -122.420966, -122.420966, -122.42280407517, -122.423552, -122.424882, -122.425278, -122.425560184417, -122.43142, -122.433134, -122.434079, -122.435417, -122.435577, -122.435945, -122.436724, -122.439338631406, -122.440039, -122.441987, -122.441979, -122.441962, -122.441924, -122.441887, -122.43661, -122.434031, 
-122.431384, -122.423228, -122.421206, -122.42096, -122.420972559939, 47.1852742146782, 47.184517, 47.184439, 47.1838996601849, 47.180889, 47.18036, 47.179987, 47.17521, 47.173442, 47.173256, 47.17316, 47.172991, 47.171383, 47.171011, 47.170098, 47.1700865713711, 47.170086, 47.170087, 47.170085, 47.1700694346674, 47.170033, 47.170047, 47.170051, 47.17006, 47.170061, 47.170064, 47.170067, 47.1700809102564, 47.170085, 47.170095, 47.17374, 47.181013, 47.188267, 47.191917, 47.19188, 47.191847, 47.191873, 
47.191885, 47.19181, 47.1918, 47.1852742146782))"
53,70000,02412025,5370000,Tacoma,Tacoma city,25,C1,Y,N,G4110,A,128789928,32870833,+47.2521991,-122.4598318,53,053,940001,1400000US53053940001,53053940001,9400.01,CT,3030015,13361987,"list(c(-122.431281, 47.311237), c(-122.4307, 47.306116), c(-122.421909, 47.312046), c(-122.418418, 47.312062), c(-122.418409, 47.313874), c(-122.416676, 47.315666), c(-122.414415, 47.315639), c(-122.414371, 47.312102), c(-122.408988, 47.31213), list(c(-122.43272821587, -122.432769, -122.432717, -122.432712, -122.432878, -122.433004, -122.433007, -122.432988, -122.43294, -122.432921, -122.432866, -122.432788, -122.432542, -122.432333, -122.432124, -122.432015, -122.431861, -122.431851, -122.433276, 
-122.433274, -122.433331, -122.433355, -122.433353, -122.43335, -122.433776, -122.433816, -122.434042, -122.434555, -122.434553, -122.434007, -122.433741, -122.433703, -122.433271, -122.432971, -122.432239, -122.432199, -122.432167, -122.432054, -122.432004, -122.430707, -122.430617, -122.43053, -122.430614, -122.430669, -122.430618832116, -122.432478, -122.43272821587, 47.2971052765694, 47.298145, 47.29819, 47.29824, 47.298588, 47.298905, 47.298986, 47.299069, 47.299196, 47.299241, 47.299314, 47.299378, 
47.299547, 47.299676, 47.299831, 47.299937, 47.300103, 47.301137, 47.301139, 47.301604, 47.301604, 47.301619, 47.301752, 47.302002, 47.302005, 47.302005, 47.302007, 47.302014, 47.302066, 47.302059, 47.302058, 47.302057, 47.302054, 47.302052, 47.302048, 47.302047, 47.302047, 47.302046, 47.301823, 47.301822, 47.301824, 47.301365, 47.300415, 47.297944, 47.2971283513426, 47.297014, 47.2971052765694)), list(c(-122.430617, -122.430649, -122.430657, -122.430687, -122.43071, -122.4306923783, -122.430617, 
47.301824, 47.302192, 47.302838, 47.303587, 47.304485, 47.3057218754859, 47.301824)), list(c(-122.430936128628, -122.431118, -122.431721, -122.431895, -122.43217, -122.432153, -122.432121, -122.432166, -122.430936128628, 47.3064585959021, 47.306617, 47.307072, 47.307282, 47.307729, 47.308029, 47.308076, 47.308243, 47.3064585959021)), list(c(-122.429982, -122.429055, -122.427673, -122.429982, 47.31206, 47.312057, 47.312051, 47.31206)), list(c(-122.427673, -122.427677, -122.42768, -122.427682, -122.427673, 
47.312051, 47.313207, 47.314376, 47.315266, 47.312051)), list(c(-122.427682, -122.427468, -122.42718, -122.427119, -122.427059, -122.426601, -122.426422, -122.426416, -122.426411, -122.426412385031, -122.427682, 47.315266, 47.315265, 47.315264, 47.315264, 47.315264, 47.315262, 47.315261, 47.31523, 47.314953, 47.3148671281043, 47.315266)), list(c(-122.425021, -122.425021, -122.425024, -122.425014, -122.42502, -122.425043435299, -122.425021, 47.31443, 47.314396, 47.314017, 47.313579, 47.31318, 47.3129679663414, 
47.31443)), list(c(-122.425057, -122.424874, -122.423472, -122.422693179211, -122.425057, 47.312084, 47.312085, 47.312095, 47.3120554659498, 47.312084)), list(c(-122.414408405473, -122.414408, -122.414407666667, -122.414408405473, 47.315108889924, 47.31508, 47.3150495000011, 47.315108889924)), list(c(-122.414393117229, -122.414393, -122.414392367412, -122.414393117229, 47.3138799236228, 47.313875, 47.3138196485685, 47.3138799236228)), list(c(-122.409008, -122.409008, -122.409007, -122.409007, -122.409144, 
-122.409008, 47.30703, 47.306953, 47.306638, 47.306413, 47.305889, 47.30703)), list(c(-122.409144, -122.40914, -122.409126, -122.409134, -122.409144, 47.305889, 47.305839, 47.30533, 47.304727, 47.305889)), list(c(-122.409134, -122.409003, -122.408985, -122.40896, -122.408776, -122.408642, -122.40846, -122.408071, -122.408055, -122.406407, -122.406124, -122.405886, -122.405641, -122.4054, -122.405158, -122.404914, -122.401712, -122.401468, -122.401224, -122.40098, -122.400736, -122.400451, -122.400371, 
-122.398245, -122.398197, -122.398076, -122.398036, -122.397955, -122.397483, -122.396697, -122.396385, -122.395802, -122.395149, -122.394637, -122.393859, -122.393495, -122.39149, -122.389745935726, -122.38965, -122.389567, -122.397782, -122.402524, -122.402996, -122.407817, -122.409134, 47.304727, 47.304722, 47.304722, 47.304722, 47.30472, 47.304719, 47.304719, 47.304715, 47.304715, 47.304703, 47.304701, 47.3047, 47.304698, 47.304696, 47.304695, 47.304693, 47.304669, 47.304667, 47.304665, 47.304663, 
47.304661, 47.304659, 47.304658, 47.304641, 47.304641, 47.304644, 47.304645, 47.304646, 47.304656, 47.304672, 47.304679, 47.304691, 47.304689, 47.304335, 47.303795, 47.303546, 47.302162, 47.3007426237188, 47.300663, 47.300597, 47.30176, 47.301027, 47.302944, 47.303006, 47.304727)))"
53,70000,02412025,5370000,Tacoma,Tacoma city,25,C1,Y,N,G4110,A,128789928,32870833,+47.2521991,-122.4598318,53,053,940004,1400000US53053940004,53053940004,9400.04,CT,17903047,148319,"list(list(c(-122.39431, -122.394372, -122.394373, -122.394374, -122.394375, -122.394387, -122.394399, -122.394412, -122.394424, -122.394445, -122.394466, -122.394478, -122.394596, -122.394476, -122.394793, -122.39469, -122.395153, -122.394904, -122.39431, 47.223055, 47.221137, 47.220966, 47.220883, 47.220801, 47.219974, 47.219067, 47.218161, 47.217254, 47.216335, 47.215416, 47.214883, 47.215682, 47.217882, 47.219243, 47.219955, 47.221025, 47.221995, 47.223055)), list(c(-122.394487, -122.394486, -122.394484, 
-122.39448, -122.394479, -122.394474, -122.39447, -122.394467, -122.394464, -122.394461, -122.394446, -122.394444, -122.394456, -122.394477, -122.394494, -122.394496, -122.39451, -122.394523, -122.394536, -122.394549, -122.394549, -122.394542, -122.394525, -122.3945, -122.394465, -122.394462, -122.394461, -122.394459, -122.394444, -122.394424, -122.394413, -122.394418, -122.396528, -122.396561, -122.395722, -122.395708, -122.395688, -122.394487, 47.210948, 47.210844, 47.210558, 47.210071, 47.209934, 
47.209476, 47.209017, 47.208755, 47.208384, 47.208105, 47.206467, 47.206294, 47.205896, 47.205161, 47.204565, 47.204473, 47.204008, 47.203548, 47.203094, 47.202645, 47.202631, 47.202494, 47.202169, 47.20171, 47.20104, 47.200996, 47.20097, 47.20093, 47.200646, 47.20027, 47.200069, 47.199519, 47.200316, 47.201204, 47.204358, 47.206384, 47.209456, 47.210948)), list(c(-122.394428, -122.394452, -122.394596, -122.394428, 47.194934, 47.191755, 47.191755, 47.194934)), list(c(-122.394596, -122.395908, -122.396256, 
-122.394596, 47.191755, 47.191752, 47.191753, 47.191755)), list(c(-122.396256, -122.397832, -122.398721, -122.399853, -122.402476, -122.396256, 47.191753, 47.191737, 47.191739, 47.191741, 47.191741, 47.191753)))"
53,70000,02412025,5370000,Tacoma,Tacoma city,25,C1,Y,N,G4110,A,128789928,32870833,+47.2521991,-122.4598318,53,053,060903,1400000US53053060903,53053060903,609.03,CT,2313031,1442717,"list(c(-122.534154062478, -122.533016, -122.532997282355, -122.529689, -122.528777305108, -122.525148, -122.521045, -122.515757, -122.515789, -122.515814, -122.515874, -122.515894, -122.521067, -122.523884, -122.533105, -122.534154062478, 47.2751543484272, 47.276377, 47.276416010566, 47.283311, 47.2905748403788, 47.29085, 47.290842, 47.290804, 47.287183, 47.281705, 47.274022, 47.27109, 47.271332, 47.272179, 47.275108, 47.2751543484272))"
53,70000,02412025,5370000,Tacoma,Tacoma city,25,C1,Y,N,G4110,A,128789928,32870833,+47.2521991,-122.4598318,53,053,061602,1400000US53053061602,53053061602,616.02,CT,1056965,0,"list(c(-122.4435, -122.436699, -122.436084, -122.437317, -122.436291, -122.434535, -122.433039, -122.432006, -122.432029, -122.43198, -122.432429, -122.432038, -122.432203, -122.431788, -122.431212, -122.434115, -122.436465, -122.440946, -122.440122, -122.440486, -122.442563, -122.4435, 47.248648, 47.249275, 47.249419, 47.247604, 47.243086, 47.243288, 47.24025, 47.240367, 47.240034, 47.239645, 47.23932, 47.238783, 47.238635, 47.23414, 47.233391, 47.233093, 47.23274, 47.231413, 47.233744, 47.235336, 
47.244529, 47.248648))"
53,70000,02412025,5370000,Tacoma,Tacoma city,25,C1,Y,N,G4110,A,128789928,32870833,+47.2521991,-122.4598318,53,053,062600,1400000US53053062600,53053062600,626,CT,6946140,6314,"list(c(-122.494177, -122.493903, -122.493362, -122.489718, -122.489711, -122.48609, -122.48607, -122.482007, -122.478338, -122.47432, -122.475143, -122.466925, -122.46526, -122.463676, -122.459105, -122.459114, -122.446291, -122.441811, -122.440486, -122.440122, -122.440946, -122.446621, -122.450897, -122.457781, -122.460686, -122.462918, -122.463275, -122.463046, -122.462442, -122.461477, -122.463856, -122.465691, -122.47369, -122.473714, -122.473627, -122.479184, -122.483378, -122.483382, -122.483635, 
-122.482682, -122.482424, -122.482385, -122.482384, -122.484996, -122.49277, -122.492179, -122.493218, -122.494383, -122.494177, 47.212893, 47.21384, 47.223701, 47.227262, 47.229237, 47.22924, 47.231255, 47.231448, 47.233061, 47.233797, 47.235035, 47.235139, 47.234465, 47.233438, 47.233155, 47.233856, 47.233757, 47.234553, 47.235336, 47.233744, 47.231413, 47.230157, 47.230256, 47.230988, 47.230367, 47.228439, 47.222992, 47.218496, 47.213876, 47.206565, 47.206452, 47.208713, 47.208728, 47.214845, 
47.218686, 47.218682, 47.218681, 47.214882, 47.213758, 47.211692, 47.206204, 47.20107, 47.197452, 47.197375, 47.197425, 47.198981, 47.206232, 47.209631, 47.212893))"
53,70000,02412025,5370000,Tacoma,Tacoma city,25,C1,Y,N,G4110,A,128789928,32870833,+47.2521991,-122.4598318,53,053,062300,1400000US53053062300,53053062300,623,CT,2455989,0,"list(c(-122.427272, -122.425354, -122.426121, -122.42365, -122.420813, -122.417276, -122.416305, -122.41634, -122.407699, -122.407661, -122.407653, -122.407698, -122.40789, -122.404184, -122.404518, -122.407975, -122.415313, -122.423777, -122.424085, -122.424911, -122.426245, -122.426326, -122.426181, -122.426445, -122.427272, 47.218395, 47.221473, 47.223116, 47.222971, 47.223108, 47.223115, 47.223109, 47.220893, 47.220875, 47.217502, 47.217214, 47.213536, 47.210813, 47.206253, 47.20625, 47.206237, 
47.206296, 47.206326, 47.208592, 47.20994, 47.211758, 47.212262, 47.213817, 47.217064, 47.218395))"
53,70000,02412025,5370000,Tacoma,Tacoma city,25,C1,Y,N,G4110,A,128789928,32870833,+47.2521991,-122.4598318,53,053,063200,1400000US53053063200,53053063200,632,CT,2361069,0,"list(c(-122.44185, -122.441819, -122.441838, -122.441835, -122.441826, -122.433973, -122.432652, -122.423777, -122.422222, -122.4222, -122.422107, -122.421206, -122.423228, -122.431384, -122.434031, -122.43661, -122.441887, -122.44185, 47.195552, 47.197897, 47.201887, 47.20279, 47.206402, 47.206374, 47.206367, 47.206326, 47.200795, 47.199046, 47.194067, 47.19181, 47.191885, 47.191873, 47.191847, 47.19188, 47.191917, 47.195552))"
53,70000,02412025,5370000,Tacoma,Tacoma city,25,C1,Y,N,G4110,A,128789928,32870833,+47.2521991,-122.4598318,53,053,940008,1400000US53053940008,53053940008,9400.08,CT,3054129,0,"list(c(-122.388661084507, -122.387918, -122.387021, -122.386509, -122.385571, -122.385299, -122.385153, -122.384842, -122.384678, -122.384665, -122.384321, -122.382921, -122.382162, -122.381839, -122.381592, -122.382168, -122.382232, -122.391404, -122.393742, -122.396343, -122.398915, -122.3998, -122.400836, -122.406342, -122.406854, -122.408973, -122.411844, -122.413613, -122.411278, -122.409008, -122.409144, -122.409134, -122.407817, -122.402996, -122.402524, -122.397782, -122.389567, -122.388661084507, 
47.3000024262415, 47.299494, 47.298926, 47.298558, 47.297909, 47.297751, 47.297678, 47.297557, 47.297512, 47.297508, 47.297217, 47.296252, 47.295729, 47.295506, 47.295336, 47.295261, 47.286438, 47.286468, 47.283412, 47.283279, 47.2833, 47.286791, 47.288417, 47.291767, 47.301033, 47.301129, 47.305893, 47.307422, 47.308026, 47.30703, 47.305889, 47.304727, 47.303006, 47.302944, 47.301027, 47.30176, 47.300597, 47.3000024262415))"
53,70000,02412025,5370000,Tacoma,Tacoma city,25,C1,Y,N,G4110,A,128789928,32870833,+47.2521991,-122.4598318,53,053,940011,1400000US53053940011,53053940011,9400.11,CT,3753215,0,"list(c(-122.4306923783, -122.430689, -122.4307, -122.430714, -122.430753, -122.430802, -122.43087, -122.430936128628, -122.432166, -122.431778, -122.43172, -122.431636, -122.431607, -122.43158, -122.431507, -122.431443, -122.431377, -122.431318, -122.431281, -122.431146, -122.431136, -122.430418, -122.430384, -122.430361, -122.43034, -122.429982, -122.427673, -122.427682, -122.426412385031, -122.426413, -122.426419, -122.426405, -122.42627, -122.425888, -122.425796, -122.425435, -122.425021, -122.425043435299, 
-122.425062, -122.425061, -122.42506, -122.42506, -122.425059, -122.425058, -122.425057, -122.422693179211, -122.422487, -122.422041, -122.421909, -122.42187, -122.4218, -122.421406, -122.421157, -122.420834, -122.420592, -122.420552, -122.420222, -122.419873, -122.419758, -122.419637, -122.419476, -122.419263, -122.418928, -122.418418, -122.418407, -122.418408, -122.418408, -122.418408, -122.418408, -122.418408, -122.418409, -122.418409, -122.41707, -122.417074, -122.416671, -122.416674, -122.416675, 
-122.416676, -122.416548, -122.416145, -122.415294, -122.414415, -122.414412, -122.414408405473, -122.414407666667, -122.414402, -122.414398, -122.414394, -122.414393117229, -122.414392367412, -122.414389, -122.414386, -122.414383, -122.414379, -122.414373, -122.414371, -122.409074, -122.408988, -122.408991, -122.40899, -122.408993, -122.408995, -122.408999, -122.409002, -122.409002, -122.409004, -122.409006, -122.409009, -122.409011, -122.409011, -122.409009, -122.409008, -122.411278, -122.413613, 
-122.411844, -122.408973, -122.406854, -122.406342, -122.400836, -122.3998, -122.398915, -122.396343, -122.396212, -122.39445, -122.388085, -122.386548, -122.387328, -122.389283, -122.389838, -122.392447, -122.398071, -122.401312, -122.404928, -122.410798, -122.41389, -122.416848, -122.422311, -122.425404, -122.429155, -122.430669, -122.430614, -122.43053, -122.430617, -122.4306923783, 47.3057218754859, 47.305959, 47.306116, 47.306162, 47.30624, 47.306319, 47.306401, 47.3064585959021, 47.308243, 
47.308785, 47.308886, 47.309153, 47.3093, 47.309475, 47.310241, 47.310559, 47.310833, 47.311083, 47.311237, 47.31123, 47.311271, 47.311276, 47.311276, 47.311687, 47.312062, 47.31206, 47.312051, 47.315266, 47.3148671281043, 47.314829, 47.31449, 47.31443, 47.31443, 47.31443, 47.31443, 47.31443, 47.31443, 47.3129679663414, 47.3128, 47.312702, 47.312593, 47.312538, 47.312408, 47.312232, 47.312084, 47.3120554659498, 47.312045, 47.312046, 47.312046, 47.312046, 47.312046, 47.312046, 47.312046, 47.312047, 
47.312047, 47.312047, 47.312048, 47.312048, 47.312048, 47.312049, 47.312051, 47.312053, 47.312056, 47.312062, 47.312284, 47.312377, 47.312533, 47.312779, 47.31303, 47.313323, 47.313546, 47.313874, 47.313873, 47.314573, 47.314569, 47.315318, 47.315621, 47.315666, 47.315664, 47.315659, 47.315649, 47.315639, 47.315365, 47.315108889924, 47.3150495000011, 47.314531, 47.314235, 47.313917, 47.3138799236228, 47.3138196485685, 47.313525, 47.313282, 47.313061, 47.312732, 47.312239, 47.312102, 47.312129, 47.31213, 
47.311773, 47.311698, 47.311384, 47.311077, 47.310583, 47.310144, 47.310085, 47.309815, 47.309472, 47.30913, 47.308738, 47.308411, 47.307294, 47.30703, 47.308026, 47.307422, 47.305893, 47.301129, 47.301033, 47.291767, 47.288417, 47.286791, 47.2833, 47.283279, 47.282844, 47.282967, 47.28174, 47.281898, 47.278965, 47.28068, 47.281, 47.281636, 47.281484, 47.282322, 47.28404, 47.292047, 47.294671, 47.296626, 47.29761, 47.298854, 47.298634, 47.297944, 47.300415, 47.301365, 47.301824, 47.3057218754859))"
53,70000,02412025,5370000,Tacoma,Tacoma city,25,C1,Y,N,G4110,A,128789928,32870833,+47.2521991,-122.4598318,53,053,940006,1400000US53053940006,53053940006,9400.06,CT,1825314,0,"list(c(-122.394478, -122.394506, -122.394508, -122.394507, -122.394493, -122.394487, -122.395688, -122.395708, -122.404184, -122.40789, -122.407698, -122.407653, -122.407661, -122.407699, -122.4077, -122.401901, -122.401938, -122.39431, -122.394904, -122.395153, -122.39469, -122.394793, -122.394476, -122.394596, -122.394478, 47.214883, 47.213673, 47.213592, 47.213454, 47.211761, 47.210948, 47.209456, 47.206384, 47.206253, 47.210813, 47.213536, 47.217214, 47.217502, 47.220875, 47.224543, 47.224707, 
47.223086, 47.223055, 47.221995, 47.221025, 47.219955, 47.219243, 47.217882, 47.215682, 47.214883))"
53,70000,02412025,5370000,Tacoma,Tacoma city,25,C1,Y,N,G4110,A,128789928,32870833,+47.2521991,-122.4598318,53,053,072313,1400000US53053072313,53053072313,723.13,CT,2558620,0,"list(c(-122.505385, 47.206514), list(c(-122.50524, -122.505239, -122.505235, -122.505233, -122.505232, -122.505206, -122.505203, -122.50524, 47.213799, 47.214005, 47.215048, 47.215239, 47.215294, 47.217281, 47.217498, 47.213799)), list(c(-122.505203, -122.505186, -122.505185, -122.505183, -122.50518, -122.505152, -122.505203, 47.217498, 47.218883, 47.219012, 47.219114, 47.219305, 47.22107, 47.217498)))"
53,70000,02412025,5370000,Tacoma,Tacoma city,25,C1,Y,N,G4110,A,128789928,32870833,+47.2521991,-122.4598318,53,053,061500,1400000US53053061500,53053061500,615,CT,1171144,0,"list(c(-122.457165, -122.455913, -122.45398, -122.45108, -122.448362, -122.445098, -122.441332, -122.439918, -122.441624, -122.444549, -122.443322, -122.445373, -122.449793, -122.454091, -122.455024, -122.45779, -122.457165, 47.261875, 47.263653, 47.266397, 47.270544, 47.268159, 47.266137, 47.261177, 47.257419, 47.259786, 47.260442, 47.258626, 47.256877, 47.256417, 47.255969, 47.260082, 47.260982, 47.261875))"
53,70000,02412025,5370000,Tacoma,Tacoma city,25,C1,Y,N,G4110,A,128789928,32870833,+47.2521991,-122.4598318,53,053,061001,1400000US53053061001,53053061001,610.01,CT,2874166,1740617,"list(c(-122.54502, -122.545739, -122.546354, -122.546639, -122.546931, -122.548999, -122.549402, -122.550309, -122.550908, -122.551027, -122.551508, -122.552206, -122.559271, -122.560034, -122.560050514219, -122.556309, -122.552268, -122.552981, -122.553457, -122.552268, -122.544693265007, -122.539446, -122.53711, -122.536095, -122.531341, -122.531333, -122.536987, -122.537057, -122.541576, -122.54502, 47.242678, 47.242679, 47.242678, 47.242678, 47.242678, 47.242685, 47.242684, 47.242681, 47.242679, 
47.242678, 47.242676, 47.2427, 47.242744, 47.242688, 47.2449465160654, 47.244439, 47.248311, 47.24944, 47.25186, 47.25428, 47.2637834288324, 47.259743, 47.25885, 47.258713, 47.258841, 47.249925, 47.249921, 47.242681, 47.242681, 47.242678))"
